N00002	Personalkostnader som andel av verksamhetens kostnader, andel (%)
N00082	Gemensamma kostnader fördelade till egentlig verksamhet totalt, andel (%)
N00090	Sjukfrånvaro kommunalt anställda totalt, (%)
N00091	Sjukfrånvaro kommunalt anställda mer än 59 dagar som andel av total sjukfrånvaro, (%)
N00092	Sjukfrånvaro för kommunalt anställda <30 år, (%)
N00093	Sjukfrånvaro för kommunalt anställda 30-49 år, (%)
N00094	Sjukfrånvaro för kommunalt anställda >49 år, (%)
N00097	Nettokostnadsavvikelse totalt (exkl. LSS), andel (%)
N00119	Köp av egentlig verksamhet från privatägda företag, andel (%)
N00120	Köp av egentlig verksamhet från föreningar och stiftelser, andel (%)
N00121	Köp av egentlig verksamhet från andra kommuner, andel (%)
N00122	Köp av egentlig verksamhet totalt från kommunägda företag, andel (%)
N00123	Köp av egentlig verksamhet totalt från övriga motparter, andel (%)
N00200	Tillsvidareanställda månadsavlönade, kommun, andel (%)
N00201	Visstidsanställda månadsavlönade, kommun, andel (%)
N00202	Visstidsanställda timavlönade, kommun, andel (%)
N00203	Arbetad tid utförd av tillsvidareanställda månadsavlönade, kommun, andel (%)
N00204	Arbetad tid utförd av visstidsanställda månadsavlönade, kommun, andel (%)
N00205	Arbetad tid utförd av visstidsanställda timavlönade, kommun, andel (%)
N00206	Heltidsanställda månadsavlönade, kommun, andel (%)
N00207	Deltidsanställda (75-99 %) månadsavlönade, kommun, andel (%)
N00208	Deltidsanställda (1-74 %) månadsavlönade, kommun, andel (%)
N00209	Heltidsarbetande månadsavlönade, kommun, andel (%)
N00210	Deltidsarbetande (75-99 %) månadsavlönade, kommun, andel (%)
N00211	Deltidsarbetande (1-74 %) månadsavlönade, kommun, andel (%)
N00212	Anställda -34 år, kommun, andel (%)
N00213	Anställda 35-54 år, kommun, andel (%)
N00214	Anställda 55+, kommun, andel (%)
N00215	Nya tillsvidareanställda under året, kommun, andel (%)
N00216	Avgångna tillsvidareanställda under året, kommun, andel (%)
N00218	Anställda med eftergymnasial utbildning, kommun, andel (%)
N00220	Utrikes födda 18-64 år bland anställda, andel (%)
N00221	Utrikes födda 18-64 år, andel (%)
N00222	Anställda kvinnor i kommunen, andel (%)
N00403	Ekologiskt odlad åkermark kommun, andel (%)
N00800	Invånare 16-64 år som är arbetslösa el. i konjunkturberoende program, andel (%)
N00801	Egentlig verksamhet i kommunal regi, andel (%)
N00803	Köp av egentlig verksamhet totalt, andel (%)
N00908	Förvärvsarbetande invånare 16-19 år, andel (%)
N00909	Förvärvsarbetande invånare 20-24 år, andel (%)
N00910	Förvärvsarbetande invånare 25-34 år, andel (%)
N00911	Förvärvsarbetande invånare 35-49 år, andel (%)
N00912	Förvärvsarbetande invånare 50-59 år, andel (%)
N00913	Förvärvsarbetande invånare 60-64 år, andel (%)
N00914	Förvärvsarbetande invånare 20-64 år, andel (%)
N00915	Förvärvsarbetande i statlig sektor, andel (%)
N00916	Förvärvsarbetande i privat sektor, andel (%)
N00917	Förvärvsarbetande i kommun-/landstingssektor, andel (%)
N00918	Förvärvsarbetande i övriga sektorer, andel (%)
N00920	Utpendlingsomfattning i kommunen, (%)
N00921	Bor och arbetar i kommunen, (%)
N00924	Nettoinpendling till kommun, andel (%)
N00942	Föräldrapenningdagar som tas ut av kvinnor, andel av antal dagar (%)
N00943	Föräldrapenningdagar som tas ut av män, andel av antal dagar (%)
N00944	Tillfälliga föräldrapenningdagar (VAB) som tas ut av kvinnor, andel av antal dagar (%)
N00945	Tillfälliga föräldrapenningdagar (VAB) som tas ut av män, andel av antal dagar (%)
N00961	Inskrivna i etableringsuppdraget med högst förgymnasial utbildning, andel (%)
N00962	Inskrivna i etableringsuppdraget med gymnasial utbildning,  andel (%)
N00963	Inskrivna i etableringsuppdraget med eftergymnasial utbildning längre än 2 år, andel (%)
N00968	Inpendlingsomfattning i kommunen, (%)
N00969	Inskrivna i etableringsuppdraget med förgymnasial utbildning kortare än 9 år, andel (%)
N00970	Inskrivna i etableringsuppdraget med förgymnasial utbildning 9 (10) år, andel (%)
N00971	Lämnat etableringsuppdraget och börjat arbeta (status efter 90 dagar), andel (%)
N00972	Lämnat etableringsuppdraget och börjat studera (status efter 90 dagar), andel (%)
N00973	Lämnat etableringsuppdraget och börjat arbeta eller studera (status efter 90 dagar), andel (%)
N00980	Äldre äldre av invånare 65+, andel (%)
N01809	Invånare 06-15 år, andel (%)
N01810	Invånare 16-18 år, andel (%)
N01811	Invånare 0-64 år, andel (%)
N01812	Invånare 65-79 år, andel (%)
N01813	Invånare 80+, andel (%)
N01814	Invånare 07-15 år, andel (%)
N01815	Invånare 01-12 år, andel (%)
N01816	Invånare 01-5 år, andel (%)
N01950	Utrikes födda vuxna invånare, andel (%)
N01958	Förändring i antal invånare under senaste femårsperioden, andel (%)
N01960	Invånare 65+, andel (%)
N01961	Invånare 20-64 år, andel (%)
N01962	Invånare 16-19 år, andel (%)
N01967	Unga vuxna av invånare 18-64 år, andel (%)
N01968	Invånare 25-44 år med eftergymnasial utbildning, andel (%)
N01969	Invånare 25-44 år med högst gymnasial utbildning, andel (%)
N01970	Invånare 25-44 år med högst förgymnasial utbildning, andel (%)
N01971	Invånare 25-44 år med uppgift om utbildningsnivå saknas, andel (%)
N01972	Invånare 45-64 år med eftergymnasial utbildning, andel (%)
N01973	Invånare 45-64 år med högst gymnasial utbildning, andel (%)
N01974	Invånare 45-64 år med högst förgymnasial utbildning, andel (%)
N01975	Invånare 45-64 år med uppgift om utbildningsnivå saknas, andel (%)
N01982	Invånare 25-64 år med eftergymnasial utbildning, andel (%)
N01983	Invånare 25-64 år med högst gymnasial utbildning, andel (%)
N01984	Invånare 25-64 år med högst förgymnasial utbildning, andel (%)
N01985	Invånare 25-64 år med uppgift om utbildningsnivå saknas, andel (%)
N02900	Utrikes födda invånare 0-19 år, andel (%)
N02901	Invånare 0-19 år med föräldrar som har högst grundskoleutbildning, andel (%)
N02902	Invånare 0-19 år med minst en långtidsarbetslös förälder, andel (%)
N02903	Invånare 0-19 år med minst en förälder med sjuk- eller aktivitetsersättning, andel (%)
N02904	Invånare 0-19 år i ekonomiskt utsatta hushåll, andel (%)
N02906	Invånare 17-24 år som varken studerar eller arbetar, andel (%)
N02915	Framskrivning, förväntad förändring i antal invånare kommande 5 år i kommunen, (%)
N02916	Framskrivning, förväntad förändring i antal invånare 0-5 år kommande 5 år i kommunen, (%)
N02917	Framskrivning, förväntad förändring i antal invånare 6-15 år kommande 5 år i kommunen, (%)
N02918	Framskrivning, förväntad förändring i antal invånare 16-19 år kommande 5 år i kommunen, (%)
N02919	Framskrivning, förväntad förändring i antal invånare 20-64 år kommande 5 år i kommunen, (%)
N02920	Framskrivning, förväntad förändring i antal invånare 65+ kommande 5 år i kommunen, (%)
N02921	Framskrivning, förväntad förändring i antal invånare 65-79 kommande 5 år i kommunen, (%)
N02922	Framskrivning, förväntad förändring i antal invånare 80+ kommande 5 år i kommunen, (%)
N02923	Kvinnor i befolkningen kommun, andel (%)
N02925	Utrikes födda exklusive EU/EFTA, andel (%)
N02926	Utrikes födda, andel (%)
N02942	Ensamstående hushåll, andel (%)
N02943	Sammanboende hushåll, andel (%)
N02944	Övriga hushåll, andel (%)
N03001	Resultat före extraord. poster (kommunen), andel (%) av skatt & generella statsbidrag
N03002	Soliditet inkl pensionsåtag. kommun, (%)
N03006	Försäljn. av anläggningstillg. som andel av  skatt och generella statsbidrag kommun, (%)
N03016	Självfinansieringsgrad för kommunens verksamhet, (%)
N03031	Nettokostnad som andel av skatt & generella statsbidrag kommunkoncern, (%)
N03032	Finansnetto som andel av skatt & generella statsbidrag kommunkoncern, (%)
N03033	Resultat före extraord. Poster (kommunkoncern), andel (%) av skatt & generella statsbidrag
N03034	Soliditet inkl pensionsåtag. kommunkoncern, (%)
N03100	Nettokostnad som andel av skatt och generella statsbidrag kommun, (%)
N03101	Finansnetto som andel av skatt och generella statsbidrag kommunen, (%)
N03102	Årets resultat som andel av skatt & generella statsbidrag kommun, (%)
N03103	Självfinansieringsgrad för kommunens investeringar, andel (%)
N03104	Nettoinvesteringar i kommunen, andel (%) av skatt & generella statsbidrag
N03105	Kassalikviditet kommunen, (%)
N03106	Soliditet kommun, (%)
N03109	Kassalikviditet kommunkoncern, (%)
N03110	Soliditet kommunkoncern, (%)
N03112	Årets resultat som andel av skatt & generella statsbidrag kommunkoncern, (%)
N03116	Aktier, andelar samt bostadsrätter i kommunens koncernföretag, kr/inv
N03140	Aktier, andelar samt bostadsrätter kommun, kr/inv
N05013	Köp av politisk verksamhet, totalt, andel (%)
N05014	Gemensamma kostnader fördelade till politisk verksamhet, andel (%)
N07043	Köp av infrastruktur, skydd mm. från privatägda företag, andel (%)
N07044	Köp av infrastruktur, skydd mm. från kommunägda företag, andel (%)
N07045	Köp av infrastruktur, skydd mm. från övriga motparter, andel (%)
N07046	Gemensamma kostnader fördelade till infrastruktur, skydd mm, andel (%)
N07400	Miljöbilar, andel av totalt antal bilar i hela den geografiska kommunen, (%)
N07401	Anmälda misshandelsbrott mot kvinna, inomhus i nära relation med offret i kommunen, antal/100 000 inv
N07800	Köp av infrastruktur och skydd totalt, andel (%)
N07900	Tillgång till bredband om minst 100 Mbit/s, andel av bef. (%)
N09040	Köp av kultur och fritid, totalt, andel (%)
N09041	Köp av kultur och fritid från privatägda företag, andel (%)
N09042	Gemensamma kostnader fördelade till kulturverksamhet, andel (%)
N09043	Gemensamma kostnader fördelade till fritidsverksamhet, andel (%)
N09101	Kostnad för kulturverksamhet, andel (%) av totala driftskostnader
N09103	Kostnad för fritidsverksamhet, andel av total driftskostnad, (%)
N09200	Tillsvidareanställda månadsavlönade inom kultur och fritid, andel (%)
N09201	Visstidsanställda månadsavlönade inom kultur och fritid, andel (%)
N09202	Visstidsanställda timavlönade inom kultur och fritid, andel (%)
N09203	Arbetad tid utförd av tillsvidareanställda månadsavlönade inom kultur och fritid, andel (%)
N09204	Arbetad tid utförd av visstidsanställda månadsavlönade inom kultur och fritid, andel (%)
N09205	Arbetad tid utförd av visstidsanställda timavlönade inom kultur och fritid, andel (%)
N09206	Heltidsanställda månadsavlönade inom kultur och fritid, andel (%)
N09207	Deltidsanställda (75-99 %) månadsavlönade inom kultur och fritid, andel (%)
N09208	Deltidsanställda (1-74 %) månadsavlönade inom kultur och fritid, andel (%)
N09209	Heltidsarbetande månadsavlönade inom kultur och fritid, andel (%)
N09210	Deltidsarbetande (75-99 %) månadsavlönade inom kultur och fritid, andel (%)
N09211	Deltidsarbetande (1-74 %) månadsavlönade inom kultur och fritid, andel (%)
N09212	Anställda -34 år inom kultur och fritid, andel (%)
N09213	Anställda 35-54 år inom kultur och fritid, andel (%)
N09214	Anställda 55+ inom kultur och fritid, andel (%)
N10036	Gemensamma kostnader fördelade till pedagogisk verksamhet totalt, andel (%)
N10101	Kostnad för barn och utbildning, andel (%) av totala driftskostnader
N10801	Köp av förskola och skolbarnsomsorg totalt, andel (%)
N10802	Köp av utbildningsverksamhet totalt, andel (%)
N10804	Barn 1-12 år inskrivna i förskola och skolbarnsomsorg, andel  (%)
N10805	Barn 1-12 år inskrivna i pedagogisk omsorg, andel  (%)
N11009	Personalkostnad som andel av kostnaden för den kommunala förskolan, andel (%) (-2015)
N11018	Årsarbetare i förskolan med pedagogisk högskoleexamen, andel (%) (-2013)
N11021	Köp av förskola och skolbarnomsorg från privatägda företag, andel (%)
N11022	Köp av förskola och skolbarnomsorg från föreningar och stiftelser, andel (%)
N11023	Årsarbetare i förskolan med pedagogisk högskoleexamen, andel (%)
N11024	Nettokostnadsavvikelse förskola inkl. öppen förskola, (%)
N11036	Gemensamma kostnader fördelade till förskola, andel (%)
N11200	Tillsvidareanställda månadsavlönade inom förskola och skolbarnomsorg, andel (%)
N11201	Visstidsanställda månadsavlönade inom förskola och skolbarnomsorg, andel (%)
N11202	Visstidsanställda timavlönade inom förskola och skolbarnomsorg, andel (%)
N11203	Arbetad tid utförd av tillsvidareanställda månadsavlönade inom förskola och skolbarnomsorg, andel (%)
N11204	Arbetad tid utförd av visstidsanställda månadsavlönade inom förskola och skolbarnomsorg, andel (%)
N11205	Arbetad tid utförd av visstidsanställda timavlönade inom förskola och skolbarnomsorg, andel (%)
N11206	Heltidsanställda månadsavlönade inom förskola och skolbarnomsorg, andel (%)
N11207	Deltidsanställda (75-99 %) månadsavlönade inom förskola och skolbarnomsorg, andel (%)
N11208	Deltidsanställda (1-74 %) månadsavlönade inom förskola och skolbarnomsorg, andel (%)
N11209	Heltidsarbetande månadsavlönade inom förskola och skolbarnomsorg, andel (%)
N11210	Deltidsarbetande (75-99 %) månadsavlönade inom förskola och skolbarnomsorg, andel (%)
N11211	Deltidsarbetande (1-74 %) månadsavlönade inom förskola och skolbarnomsorg, andel (%)
N11212	Anställda -34 år inom förskola och skolbarnomsorg, andel (%)
N11213	Anställda 35-54 år inom förskola och skolbarnomsorg, andel (%)
N11214	Anställda 55+ inom förskola och skolbarnomsorg, andel (%)
N11800	Barn 1-5 år inskrivna i förskola, andel (%)
N11801	Barn 1-5 år inskrivna i förskola och pedagogisk omsorg, andel (%)
N11802	Förskolebarn i fristående förskola och ped. omsorg, andel  (%)
N11803	Barn 1-5 år inskrivna i pedagogisk omsorg, andel (%) av barn 1-5 år inskrivna i förskola och pedagogisk omsorg
N13009	Personalkostnad som andel av kostnaden för kommunala fritidshem, andel (%) (-2015)
N13015	Årsarbetare i fritidshem med pedagogisk högskoleexamen, andel (%)
N13020	Nettokostnadsavvikelse fritidshem inkl. öppen fritidsverksamhet, (%)
N13800	Barn 6-12 år inskrivna i fritidshem, andel  (%)
N13890	Barn 6-9 år inskrivna i fritidshem och pedagogisk omsorg, andel (%)
N13891	Barn 10-12 år inskrivna i fritidshem och pedagogisk omsorg, andel (%)
N13900	Invånare 06-12 år, andel (%)
N15001	Nettokostnadsavvikelse grundskola inkl. förskoleklass, (%)
N15030	Lärare med pedagogisk högskoleexamen i grundskola, lägeskommun, (%)
N15031	Lärare med pedagogisk högskoleexamen i kommunal grundskola, (%)
N15032	Lärare med pedagogisk högskoleexamen i fristående grundskola, (%)
N15040	Köp av grundskola inkl. förskoleklass, totalt, andel (%)
N15042	Köp av grundskola inkl. förskoleklass från privatägda företag, andel (%)
N15044	Köp av grundskola inkl. förskoleklass från föreningar och stiftelser, andel (%)
N15046	Köp av grundskola inkl. förskoleklass från andra kommuner, andel (%)
N15057	Gemensamma kostnader fördelade till grundskola, andel (%)
N15101	Lärare/ped personal med pedagogisk högskoleexamen i kommunal förskoleklass och grundskola, andel (%)
N15200	Tillsvidareanställda månadsavlönade inom grundskola inkl. förskoleklass, andel (%)
N15201	Visstidsanställda månadsavlönade inom grundskola inkl. förskoleklass, andel (%)
N15202	Visstidsanställda timavlönade inom grundskola inkl. förskoleklass, andel (%)
N15203	Arbetad tid utförd av tillsvidareanställda månadsavlönade inom grundskola inkl. förskoleklass, andel (%)
N15204	Arbetad tid utförd av visstidsanställda månadsavlönade inom grundskola inkl. förskoleklass, andel (%)
N15205	Arbetad tid utförd av visstidsanställda timavlönade inom grundskola inkl. förskoleklass, andel (%)
N15206	Heltidsanställda månadsavlönade inom grundskola inkl. förskoleklass, andel (%)
N15207	Deltidsanställda (75-99 %) månadsavlönade inom grundskola inkl. förskoleklass, andel (%)
N15208	Deltidsanställda (1-74 %) månadsavlönade inom grundskola inkl. förskoleklass, andel (%)
N15209	Heltidsarbetande månadsavlönade inom grundskola inkl. förskoleklass, andel (%)
N15210	Deltidsarbetande (75-99 %) månadsavlönade inom grundskola inkl. förskoleklass, andel (%)
N15211	Deltidsarbetande (1-74 %) månadsavlönade inom grundskola inkl. förskoleklass, andel (%)
N15212	Anställda -34 år inom grundskola inkl. förskoleklass, andel (%)
N15213	Anställda 35-54 år inom grundskola inkl. förskoleklass, andel (%)
N15214	Anställda 55+ inom grundskola inkl. förskoleklass, andel (%)
N15521	Elever i åk. 9 som fått ett högre betyg än provbetyg för ämnesprov i svenska som andraspråk, lägeskommun, andel (%)
N15522	Elever i åk. 9 som fått ett lägre betyg än provbetyg för ämnesprov i svenska som andraspråk, lägeskommun, andel (%)
N15525	Elever i åk 9: Mina lärare förklarar vad vi ska göra i skolarbetet så att jag förstår, positiva svar, andel (%)
N15526	Elever i åk 9: Skolarbetet stimulerar mig att lära mig mer, positiva svar, andel (%)
N15527	Elever i åk 9: Jag kan nå kunskapskraven i skolan om jag försöker, positiva svar, andel (%)
N15528	Elever i åk 9: Mina lärare hjälper mig i skolarbetet när jag behöver det, positiva svar, andel (%)
N15529	Elever i åk 9: Mina lärare uppmuntrar oss elever att reflektera över vad vi hör och läser, positiva svar, andel (%)
N15530	Elever i åk 9: I min skola respekterar elever och lärare varandra, positiva svar, andel (%)
N15531	Elever i åk 9: På lektionerna är vi elever med och påverkar på vilket sätt vi ska arbeta med olika skoluppgifter, positiva svar, andel (%)
N15532	Elever i åk 9: Jag har studiero på lektionerna, positiva svar, andel (%)
N15533	Elever i åk 9: Jag känner mig trygg i skolan, positiva svar, andel (%)
N15534	Elever i åk 9: Jag vet vem på skolan jag kan prata med om någon har varit elak mot en elev, positiva svar, andel (%)
N15535	Elever i åk 9: Jag är nöjd med min skola som helhet, positiva svar, andel (%)
N15550	Elever i åk 5: Mina lärare förklarar vad vi ska göra i skolarbetet så att jag förstår, positiva svar, andel (%)
N15551	Elever i åk 5: Skolarbetet gör mig så nyfiken att jag får lust att lära mig mer, positiva svar, andel (%)
N15552	Elever i åk 5: Jag kan nå kunskapskraven i skolan om jag försöker, positiva svar, andel (%)
N15553	Elever i åk 5: Mina lärare hjälper mig i skolarbetet när jag behöver det, positiva svar, andel (%)
N15554	Elever i åk 5: I min skola respekterar vi varandra, positiva svar, andel (%)
N15555	Elever i åk 5: På lektionerna är vi elever med och påverkar på vilket sätt vi ska arbeta med olika skoluppgifter, positiva svar, andel (%)
N15556	Elever i åk 5: Jag har studiero på lektionerna, positiva svar, andel (%)
N15557	Elever i åk 5: Jag känner mig trygg i skolan, positiva svar, andel (%)
N15558	Elever i åk 5: Jag vet vem på skolan jag kan prata med om någon har varit elak mot en elev, positiva svar, andel (%)
N15559	Elever i åk 5: Jag är nöjd med min skola som helhet, positiva svar, andel (%)
N15806	Barn 7-15 år inskrivna i grundskola, andel (%)
N15813	Lärare (Heltidstjänster) med lärarlegitimation och behörighet i minst ett ämne i grundskola, lägeskommun, andel (%)
N15814	Lärare (heltidstjänster) med lärarlegitimation och behörighet i minst ett ämne i grundskola, kommunala skolor, andel (%)
N15815	Lärare (Heltidstjänster) med lärarlegitimation och behörighet i minst ett ämne i grundskola, fristående skolor, andel (%)
N15816	Elever vars föräldrar har eftergymnasial utbildning, åk. 1-9 i lägeskommun, andel (%)
N15817	Flickor i grundskola åk. 1-9, lägeskommun, andel (%)
N15818	Utländsk bakgrund bland elever i åk 1-9, lägeskommun, andel (%)
N15820	Elever vars föräldrar har eftergymnasial utbildning, åk. 1-9 i kommunala skolor, andel (%)
N15821	Flickor i grundskola åk. 1-9, kommunala skolor, andel (%)
N15822	Utländsk bakgrund bland elever i åk 1-9, kommunala skolor, andel (%)
N15824	Elever vars föräldrar har eftergymnasial utbildning, åk. 1-9 i fristående skolor, andel (%)
N15825	Flickor i grundskola åk. 1-9, fristående skolor, andel (%)
N15826	Utländsk bakgrund bland elever i åk 1-9, fristående skolor, andel (%)
N15830	Elever folkbokförda i kommunen som går i förskoleklass och grundskola i egen regi, andel (%)
N15831	Elever folkbokförda i kommunen som går i förskoleklass och grundskola i annan regi, andel (%)
N17001	Nettokostnadsavvikelse gymnasieskola, (%)
N17023	Köp av gymnasieskola, totalt, andel (%)
N17024	Köp av gymnasieskola från privatägda företag, andel (%)
N17025	Köp av gymnasieskola från föreningar och stiftelser, andel (%)
N17026	Köp av gymnasieskola från andra kommuner, andel (%)
N17027	Köp av gymnasieskola från övriga motparter, andel (%)
N17028	Gemensamma kostnader fördelade till gymnasieskola, andel (%)
N17200	Tillsvidareanställda månadsavlönade inom gymnasieskola och komvux, andel (%)
N17201	Visstidsanställda månadsavlönade inom gymnasieskola och komvux, andel (%)
N17202	Visstidsanställda timavlönade inom gymnasieskola och komvux, andel (%)
N17203	Arbetad tid utförd av tillsvidareanställda månadsavlönade inom gymnasieskola och komvux, andel (%)
N17204	Arbetad tid utförd av visstidsanställda månadsavlönade inom gymnasieskola och komvux, andel (%)
N17205	Arbetad tid utförd av visstidsanställda timavlönade inom gymnasieskola och komvux, andel (%)
N17206	Heltidsanställda månadsavlönade inom gymnasieskola och komvux, andel (%)
N17207	Deltidsanställda (75-99 %) månadsavlönade inom gymnasieskola och komvux, andel (%)
N17208	Deltidsanställda (1-74 %) månadsavlönade inom gymnasieskola och komvux, andel (%)
N17209	Heltidsarbetande månadsavlönade inom gymnasieskola och komvux, andel (%)
N17210	Deltidsarbetande (75-99 %) månadsavlönade inom gymnasieskola och komvux, andel (%)
N17211	Deltidsarbetande (1-74 %) månadsavlönade inom gymnasieskola och komvux, andel (%)
N17212	Anställda -34 år inom gymnasieskola och komvux, andel (%)
N17213	Anställda 35-54 år inom gymnasieskola och komvux, andel (%)
N17214	Anställda 55+ inom gymnasieskola och komvux, andel (%)
N17426	Gymnasieelever som gått över till universitet/högskola direkt efter avslutad gymnasieutbildning, hemkommun, andel (%)
N17503	Gymnasieelever som gått över till universitet/högskola direkt efter avslutad gymnasieutbildning, högskoleförberedande program hemkommun, andel (%)
N17504	Gymnasieelever som gått över till universitet/högskola direkt efter avslutad gymnasieutbildning, yrkesprogram hemkommun, andel (%)
N17505	Gymnasieelever som gått över till universitet/högskola direkt efter avslutad gymnasieutbildning, kommunala skolor, andel (%)
N17506	Gymnasieelever som gått över till universitet/högskola direkt efter avslutad gymnasieutbildning, högskoleförberedande program kommunala skolor, andel (%)
N17507	Gymnasieelever som gått över till universitet/högskola direkt efter avslutad gymnasieutbildning, yrkesprogram kommunala skolor, andel (%)
N17528	Elever som avslutat årskurs 9 på våren och som ej återfanns i gymnasieskolan på hösten, andel (%)
N17640	Gymnasieelever år 2: Mina lärare förklarar vad vi ska göra i skolarbetet så att jag förstår, positiva svar, andel (%).
N17641	Gymnasieelever år 2: Skolarbetet stimulerar mig att lära mig mer, positiva svar, andel (%).
N17642	Gymnasieelever år 2: Jag kan nå kunskapskraven i skolan om jag försöker, positiva svar, andel (%).
N17643	Gymnasieelever år 2: Mina lärare hjälper mig i skolarbetet när jag behöver det, positiva svar, andel (%).
N17644	Gymnasieelever år 2: Mina lärare uppmuntrar oss elever att reflektera över vad vi hör och läser, positiva svar, andel (%).
N17645	Gymnasieelever år 2: I min skola respekterar elever och lärare varandra, positiva svar, andel (%).
N17646	Gymnasieelever år 2: På lektionerna är vi elever med och påverkar på vilket sätt vi ska arbeta med olika skoluppgifter, positiva svar, andel (%).
N17647	Gymnasieelever år 2: Jag har studiero på lektionerna, positiva svar, andel (%).
N17648	Gymnasieelever år 2: Jag känner mig trygg i skolan, positiva svar, andel (%).
N17649	Gymnasieelever år 2: Jag vet vem på skolan jag kan prata med om någon har varit elak mot en elev, positiva svar, andel (%).
N17650	Gymnasieelever år 2: Jag är nöjd med min skola som helhet, positiva svar, andel (%).
N17801	Gymnasieelever på yrkesprogram, andel (%)
N17802	Gymnasieelever på högskoleförberedande program, andel (%)
N17803	Gymnasieelever på introduktionsprogram (IM), andel (%)
N17804	Gymnasieelever som går i fristående gymnasieskola i den egna kommunen, andel (%)
N17805	Gymnasieelever som går i annan kommuns gymnasieskola, andel (%)
N17806	Gymnasieelever som går i fristående gymnasieskola i annan kommun, andel (%)
N17807	Gymnasieelever som går i landstingskommunal gymnasieskola, andel (%)
N17812	Gymnasieelever i kommunens egna skolor eller kommunalförbunds skolor i kommunen, andel (%)
N17813	Lärare med pedagogisk högskoleexamen i gymnasieskola, lägeskommun, andel (%)
N17814	Lärare med pedagogisk högskoleexamen i kommunal gymnasieskola, andel (%)
N17815	Lärare med pedagogisk högskoleexamen i fristående gymnasieskola, andel (%)
N17825	Lärare (Heltidstjänster) med lärarlegitimation och behörighet i minst ett ämne i gymnasieskola, lägeskommun, andel (%)
N17826	Lärare (Heltidstjänster) med lärarlegitimation och behörighet i minst ett ämne i gymnasieskola, kommunala skolor, andel (%)
N17827	Lärare (Heltidstjänster) med lärarlegitimation och behörighet i minst ett ämne i gymnasieskola, fristående skolor, andel (%)
N17828	Elever vars föräldrar har eftergymnasial utbildning, lägeskommun, andel (%)
N17829	Flickor i gymnasieskola åk. 1-3, elever i gymnasieskola belägen i kommunen, andel (%)
N17830	Utländsk bakgrund bland elever i åk. 1-3, lägeskommun, andel (%)
N17831	Elever vars föräldrar har eftergymnasial utbildning, kommunal gymnasieskola, andel (%)
N17832	Flickor i gymnasieskola åk. 1-3, elever i kommunal gymnasieskola, andel (%)
N17833	Utländsk bakgrund bland elever i åk. 1-3, kommunal gymnasieskola, andel (%)
N17834	Elever vars föräldrar har eftergymnasial utbildning, fristående gymnasieskola, andel (%)
N17835	Flickor i gymnasieskola åk. 1-3, elever i fristående gymnasieskola, andel (%)
N17836	Utländsk bakgrund bland elever i åk. 1-3, fristående gymnasieskola, andel (%)
N17895	Gymnasieelever i kommunens egna skolor, andel (%)
N17896	Gymnasieelever i andra kommuners, kommunalförbunds och landstings skolor, andel (%)
N17897	Gymnasieelever i fristående gymnasieskolor, andel (%)
N17898	Sökande till gymnasieskolan intagna på 1:a handsval, andel (%)
N17899	Gymnasiefrekvens, (%)
N18019	Lärare/pedagogisk personal med specialpedagogisk högskoleexamen i särskola, andel (%)
N18022	Köp av övrig utbildning, totalt, andel (%)
N18023	Köp av övrig utbildning från privatägda företag, andel (%)
N18024	Köp av övrig utbildning från föreningar och stiftelser, andel (%)
N18025	Köp av övrig utbildning från andra kommuner, andel (%)
N18026	Köp av övrig utbildning från övriga motparter, andel (%)
N18406	Kursdeltagare inom SFI på studieväg 1, andel (%)
N18407	Kursdeltagare inom SFI på studieväg 2, andel (%)
N18408	Kursdeltagare inom SFI på studieväg 3, andel (%)
N18409	Elever på SFI som klarat högsta kurs på studievägen av nybörjare två år tidigare, andel (%)
N18410	Elever på SFI som fortsätter utbildningen och ej klarar högsta kurs på studievägen av nybörjare två år tidigare, andel (%)
N18411	Elever på SFI som avbrutit och ej klarat högsta kurs på studievägen av nybörjare två år tidigare, andel (%)
N18412	Elever på SFI som avbrutit som är förvärvsarbetande av nybörjare två år tidigare, andel (%)
N18413	Elever på SFI som avbrutit som antingen arbetar eller studerar av nybörjare två år tidigare, andel (%)
N18414	Elever på SFI som avbrutit som studerar av nybörjare två år tidigare, andel (%)
N18500	Kursdeltagare i gymnasial vuxenutbildning som vid årets slut slutfört kurs, andel (%)
N18701	Elever på SFI som är skyddsbehövande och anhöriga till skyddsbehövande, andel (%)
N18702	Elever på SFI med 0-6 års utbildning, andel (%)
N18703	Lärare i SFI med pedagogisk högskoleexamen, andel (%)
N18704	Lärare i SFI med lärarlegitimation, andel (%)
N18800	Elever i kommunens egen SFI-utbildning, andel (%)
N18890	Elever i grundsärskola, hemkommun, andel (%)
N18891	Invånare 20-64 år som deltar i vuxenutbildning , andel (%)
N18892	Kursdeltagare i kommunal vuxenutbildning i egen regi, andel (%)
N18893	Elever i kommunal vuxenutbildning som läser grundläggande vuxenutbildning, andel (%)
N18894	Elever i kommunal vuxenutbildning som läser gymnasial vuxenutbildning, andel (%)
N18895	Elever i kommunal vuxenutbildning som läser påbyggnadsutbildning, andel (%)
N20042	Kostnad för äldreomsorgen, andel (%) av totala driftskostnader
N20050	Personalkostnad egen regi äldreomsorg, andel (%) av total produktionskostnad
N20055	Köp av vård och omsorg om äldre från privatägda företag, andel (%)
N20056	Köp av vård och omsorg om äldre från föreningar och stiftelser, andel (%)
N20069	Gemensamma kostnader fördelade till vård och omsorg om äldre, andel (%)
N20070	Gemensamma kostnader fördelade till vård och omsorg totalt, andel (%)
N20200	Tillsvidareanställda månadsavlönade inom omsorg om äldre och funktionshindrade, andel (%)
N20201	Visstidsanställda månadsavlönade inom omsorg om äldre och funktionshindrade, andel (%)
N20202	Visstidsanställda timavlönade inom omsorg om äldre och funktionshindrade, andel (%)
N20203	Arbetad tid utförd av tillsvidareanställda månadsavlönade inom omsorg om äldre och funktionshindrade, andel (%)
N20204	Arbetad tid utförd av visstidsanställda månadsavlönade inom omsorg om äldre och funktionshindrade, andel (%)
N20205	Arbetad tid utförd av visstidsanställda timavlönade inom omsorg om äldre och funktionshindrade, andel (%)
N20206	Heltidsanställda månadsavlönade inom omsorg om äldre och funktionshindrade, andel (%)
N20207	Deltidsanställda (75-99 %) månadsavlönade inom omsorg om äldre och funktionshindrade, andel (%)
N20208	Deltidsanställda (1-74 %) månadsavlönade inom omsorg om äldre och funktionshindrade, andel (%)
N20209	Heltidsarbetande månadsavlönade inom omsorg om äldre och funktionshindrade, andel (%)
N20210	Deltidsarbetande (75-99 %) månadsavlönade inom omsorg om äldre och funktionshindrade, andel (%)
N20211	Deltidsarbetande (1-74 %) månadsavlönade inom omsorg om äldre och funktionshindrade, andel (%)
N20212	Anställda -34 år inom omsorg om äldre och funktionshindrade, andel (%)
N20213	Anställda 35-54 år inom omsorg om äldre och funktionshindrade, andel (%)
N20214	Anställda 55+ inom omsorg om äldre och funktionshindrade, andel (%)
N20801	Köp av äldreomsorg och funktionshinder totalt, andel (%)
N20802	Vård och omsorg om äldre och funktionshindrade i egen regi, andel (%)
N20803	Äldreomsorg i enskild regi, andel (%) brukare
N20805	Köp av äldreomsorg, andel (%)
N20806	Köp av öppen verksamhet äldreomsorg, andel (%)
N20896	Invånare 65+ som var beviljade hemtjänst i ordinärt boende eller bodde permanent i särskilt boende, andel (%)
N20897	Invånare 65+ som varit mottagare av hälso- och sjukvård som kommunen ansvarar för enl. 18 § HSL (hemsjukvård), andel (%)
N20898	Invånare 80+ som var beviljade hemtjänst i ordinärt boende eller bodde permanent i särskilt boende, andel (%)
N20900	Nettokostnadsavvikelse äldreomsorg, (%)
N21800	Invånare 65-79 år med hemtjänst ordinärt boende, andel (%)
N21801	Invånare 80+ med hemtjänst i ordinärt boende, andel (%)
N21804	Personer 65+ i ordinärt boende med hemtjänst i enskild regi, andel (%)
N21806	Köp av ordinärt boende äldreomsorg totalt, andel (%)
N21815	Brukare 65+ med hemtjänst i ordinärt boende med  0-9 beviljade timmar per månad, andel (%)
N21816	Brukare 65+ med hemtjänst i ordinärt boende med 120+ beviljade timmar per månad, andel (%)
N21817	Invånare 65+ som var beviljade korttidsboende i ordinärt boende, andel (%)
N21818	Invånare 65+ som var beviljade dagverksamhet i ordinärt boende, andel (%)
N21890	Invånare 65+ som var beviljade hemtjänst i ordinärt boende, andel (%)
N23800	Invånare 65-79 år i särskilt boende, andel (%)
N23801	Invånare 80+ i särskilt boende, andel (%)
N23803	Personer 65+ i särskilda boendeformer i enskild regi, andel (%)
N23804	Köp av särskilt boende äldreomsorg totalt, andel (%)
N23890	Invånare 65+ i särskilda boendeformer, andel (%)
N25026	Kostnad insatser för personer med funktionsnedsättning (SoL, LSS, SFB), andel av kommunens totala driftskostnad (%)
N25027	Köp av verksamhet, funktionsneds SoL 0-64 år, andel %
N25028	Köp av insatser till personer med funktionsnedsättning (ej LSS/SFB) från privatägda företag, andel (%)
N25029	Köp av insatser till personer med funktionsnedsättning (ej LSS/SFB) från föreningar och stiftelser, andel (%)
N25800	Kostnad LSS och SFB som andel av insatser för funktionsnedsatta, (%)
N25890	Invånare 0-64 år med särskilt boende funktionsneds, andel (%)
N25891	Invånare 0-64 år med hemtjänst i ordinärt boende funktionsneds, andel (%)
N25893	Invånare 0-64 år med kommunal hälso- och sjukvård  (%)
N26007	Kostnad insatser enligt SoL, andel av kommunens totala kostnad för funktionsnedsatta (%)
N28018	Nettokostnadsavvikelse LSS, (%)
N28027	Köp av insatser enligt LSS/SFB, totalt, andel (%)
N28028	Köp av insatser enligt LSS/SFB från privatägda företag, andel (%)
N28029	Köp av insatser enligt LSS/SFB från föreningar och stiftelser, andel (%)
N28802	Personer med boende enligt LSS, andel (%) av totalt antal personer med insatser enligt LSS
N28803	Personer med daglig verksamhet, andel (%) av totalt antal personer med insatser enligt LSS (%)
N28890	Invånare 0-64 år med insatser enl. LSS, andel (%)
N28892	Invånare med insatser enl. LSS, andel (%)
N30001	Nettokostnadsavvikelse individ- och familjeomsorg, (%)
N30020	Köp av övrig IFO, totalt, andel (%)
N30021	Köp av övrig IFO från privatägda företag, andel (%)
N30022	Köp av övrig IFO från föreningar och stiftelser, andel (%)
N30023	Köp av övrig IFO från andra kommuner, andel (%)
N30024	Köp av övrig IFO från övriga motparter, andel (%)
N30100	Kostnad för individ- och familjeomsorgen, andel (%) av totala driftskostnad
N30200	Tillsvidareanställda månadsavlönade inom individ- och familjeomsorg, andel (%)
N30201	Visstidsanställda månadsavlönade inom individ- och familjeomsorg, andel (%)
N30202	Visstidsanställda timavlönade inom individ- och familjeomsorg, andel (%)
N30203	Arbetad tid utförd av tillsvidareanställda månadsavlönade inom individ- och familjeomsorg, andel (%)
N30204	Arbetad tid utförd av visstidsanställda månadsavlönade inom individ- och familjeomsorg, andel (%)
N30205	Arbetad tid utförd av visstidsanställda timavlönade inom individ- och familjeomsorg, andel (%)
N30206	Heltidsanställda månadsavlönade inom individ- och familjeomsorg, andel (%)
N30207	Deltidsanställda (75-99 %) månadsavlönade inom individ- och familjeomsorg, andel (%)
N30208	Deltidsanställda (1-74 %) månadsavlönade inom individ- och familjeomsorg, andel (%)
N30209	Heltidsarbetande månadsavlönade inom individ- och familjeomsorg, andel (%)
N30210	Deltidsarbetande (75-99 %) månadsavlönade inom individ- och familjeomsorg, andel (%)
N30211	Deltidsarbetande (1-74 %) månadsavlönade inom individ- och familjeomsorg, andel (%)
N30212	Anställda -34 år inom individ- och familjeomsorg, andel (%)
N30213	Anställda 35-54 år inom individ- och familjeomsorg, andel (%)
N30214	Anställda 55+ inom individ- och familjeomsorg, andel (%)
N30800	Köp av individ och familjeomsorg totalt, andel (%)
N30802	Individ- och familjeomsorgen som utförs i enskild regi, andel (%) av total kostnad
N31801	Invånare som någon gång under året erhållit ekonomiskt bistånd inkl. introduktionsersättning, andel (%)
N31807	Invånare som någon gång under året erhållit ekonomiskt bistånd, andel (%)
N31808	Hushåll med ekonomiskt bistånd som erhållit bistånd i  1-3 månader under året, andel (%)
N31809	Hushåll med ekonomiskt bistånd som erhållit bistånd i  4-9 månader under året, andel (%)
N31810	Hushåll med ekonomiskt bistånd som erhållit bistånd i 10-12 månader under året, andel (%)
N31812	Vuxna biståndsmottagare med bistånd 1-3 månader under året, andel (%)
N31813	Vuxna biståndsmottagare med bistånd 4-9 månader under året, andel (%)
N31814	Vuxna biståndsmottagare med långvarigt ekonomiskt bistånd, andel (%)
N31815	Hushåll som erhållit ekonomiskt bistånd i 10-12 månader under året, andel (%)
N33020	Kostnadsandel öppna insatser av totala kostnaden för barn och ungdomsvård 0-20 år (%)
N33023	Köp av barn och ungdomsvård, totalt, andel (%)
N33024	Köp av barn och ungdomsvård från privatägda företag, andel (%)
N33025	Köp av barn och ungdomsvård från föreningar och stiftelser, andel (%)
N33026	Köp av barn och ungdomsvård från andra kommuner, andel (%)
N33027	Köp av barn och ungdomsvård från övriga motparter, andel (%)
N33802	Invånare 0-20 år som var föremål för individuellt biståndsbedömda öppna insatser, andel (%)
N33803	Barn och unga 13-20 år som var föremål för individuellt behovsprövade öppna insatser , andel (%)
N33804	Barn och unga placerade på institution, andel (%) av totala antalet placerade barn och unga 0-20 år
N33805	Barn och unga placerade i familjehem , andel (%) av totala antalet placerade barn och unga 0-20 år
N33806	Vårddygn i institutionsvård av totalt antal vårddygn för barn och unga 0-20 år, andel  (%)
N33807	Vårddygn i familjehemsvård av totalt antal vårddygn för barn och unga 0-20 år, andel  (%)
N33809	Barn och unga 0-20 år med individuellt behovsprövad öppenvård, andel av barn och unga med insats, (%)
N33900	Invånare 0-20 år, andel (%)
N35030	Köp av vård för vuxna med missbruksproblem, totalt, andel (%)
N35031	Köp av vård för vuxna med missbruksproblem från privatägda företag, andel (%)
N35032	Köp av vård för vuxna med missbruksproblem från föreningar och stiftelser, andel (%)
N35033	Köp av vård för vuxna med missbruksproblem från andra kommuner, andel (%)
N35034	Köp av vård för vuxna med missbruksproblem från övriga motparter, andel (%)
N35802	Vuxna med missbruksproblem som är i frivillig institutionsvård, andel (%) av bef. 21-64 år
N35803	Vuxna med missbruksproblem som är i frivillig familjehemsvård eller familjehemsvård enligt 27 § LVM, andel (%) av bef. 21-64 år
N35900	Invånare 21-64 år, andel (%)
N37800	Vuxna som har vård- och behandlingsinsatser (ej missbruk) i heldygnsvård inom IFO, andel (%) av bef. 21-64 år
N40013	Köp av arbetsmarknadsåtgärder, totalt, andel (%)
N40014	Köp av flyktingmottagande, totalt, andel (%)
N40015	Köp av flyktingmottagande från privatägda företag, andel (%)
N40016	Köp av flyktingmottagande från föreningar och stiftelser, andel (%)
N40017	Köp av flyktingmottagande från andra kommuner, andel (%)
N40018	Köp av flyktingmottagande från övriga motparter, andel (%)
N40019	Gemensamma kostnader fördelade till särskilda insatser, andel (%)
N45035	Köp av affärsverksamhet från privatägda företag, andel (%)
N45036	Köp av affärsverksamhet från kommunägda företag, andel (%)
N45037	Köp av affärsverksamhet från övriga motparter, andel (%)
N45801	Köp av affärsmässig verksamhet totalt, andel (%) (-2015)
U00412	Andel som får svar på e-post inom två dagar, (%)
U00413	Andel som tar kontakt med kommunen via telefon som får ett direkt svar på en enkel fråga, (%)
U00437	Miljöbilar av personbilar och lätta lastbilar enl MFS, %
U00470	Fysisk tillgänglighet -  sammanlagt resultat, andel (%) av maxpoäng
U00485	Andel som får kontakt med handläggare via telefon inom 61-120 sekunder, (%)
U00486	Gott bemötande vid kontakt med kommun, andel av maxpoäng (%)
U00800	Invånare 18-64 år som någon gång under året varit arbetslösa, andel (%)
U00801	Invånare 18-64 år som någon gång under året varit arbetslösa utan ersättning, andel (%)
U01803	Invånare 18-64 år med låg inkomst, andel (%)
U01804	Svenskfödda invånare 20-40 år med låg utbildningsnivå, andel (%)
U01805	Utrikes födda invånare 18-64 år med vistelsetid 0-5 år efter uppehållstillstånd, andel (%)
U01806	Utrikes födda invånare 18-64 år med vistelsetid 6-10 år efter uppehållstillstånd, andel (%)
U07414	Hushållsavfall som samlats in för materialåtervinning, inkl. biologisk behandling, andel (%)
U07514	Ekologiska livsmedel i kommunens verksamhet under hela året enligt Ekomatcentrum, andel (%)
U09424	Tillgänglighet kultur -  sammanlagt resultat, andel (%) av maxpoäng
U09443	Tillgänglighet idrott -  sammanlagt resultat, andel (%) av maxpoäng
U09805	Idrottsföreningar med flickdominerad verksamhet, andel (%)
U09806	Idrottsföreningar med pojkdominerad verksamhet, andel (%)
U09807	Idrottsföreningar med varken pojk- eller flickdominerad verksamhet, andel (%)
U09810	Elever som deltar i musik- eller kulturskola som andel av invånare 7-15 år, (%)
U15017	Avvikelse från standardkostnad grundskola, andel (%)
U15408	Kostnad i förhållande till andel elever som uppnått kunskapskraven i åk. 9 i kommunala skolor, kr/%
U15429	Elever i åk. 9 som fått ett högre betyg än provbetyg för ämnesprov i matematik, lägeskommun, andel (%)
U15430	Elever i åk. 9 som fått ett lägre betyg än provbetyg för ämnesprov i matematik, lägeskommun, andel (%)
U15431	Elever i åk. 9 som fått ett högre betyg än provbetyg för ämnesprov i engelska, lägeskommun, andel (%)
U15432	Elever i åk. 9 som fått ett lägre betyg än provbetyg för ämnesprov i engelska, lägeskommun, andel (%)
U15433	Elever i åk. 9 som fått ett högre betyg än provbetyg för ämnesprov i svenska, lägeskommun, andel (%)
U15434	Elever i åk. 9 som fått ett lägre betyg än provbetyg för ämnesprov i svenska, lägeskommun, andel (%)
U15454	Elever i åk 5:  Sammanvägt resultat - elevernas syn på skolan och undervisningen, andel (%)
U15455	Elever i åk 8:  Sammanvägt resultat - elevernas syn på skolan och undervisningen, andel (%)
U15502	Elever i åk 5: Jag känner mig trygg i skolan, andel (%)  (-2016)
U15503	Elever i åk 5: Skolarbetet gör mig så nyfiken att jag får lust att lära mig mer, andel (%)  (-2016)
U15504	Elever i åk 5: Lärarna i min skola tar hänsyn till elevernas åsikter, andel (%)  (-2016)
U15505	Elever i åk 5: Jag vet vad jag ska kunna för att nå kunskapskraven i de olika ämnena, andel (%)  (-2016)
U15506	Elever i åk 5: Lärarna i min skola hjälper mig i skolarbetet om jag behöver det, andel (%)  (-2016)
U15507	Elever i åk 5: Jag får veta hur det går för mig i skolarbetet, andel (%)  (-2016)
U15508	Elever i åk 5: Mina lärare förväntar sig att jag ska nå kunskapskraven i alla ämnen, andel (%)  (-2016)
U15509	Elever i åk 8: Jag känner mig trygg i skolan, andel (%) (-2016)
U15510	Elever i åk 8: Skolarbetet gör mig så nyfiken att jag får lust att lära mig mer, andel (%)  (-2016)
U15511	Elever i åk 8: Lärarna i min skola tar hänsyn till elevernas åsikter, andel (%)  (-2016)
U15512	Elever i åk 8: Jag vet vad jag ska kunna för att nå kunskapskraven i de olika ämnena, andel (%)  (-2016)
U15513	Elever i åk 8: Lärarna i min skola hjälper mig i skolarbetet om jag behöver det, andel (%)  (-2016)
U15514	Elever i åk 8: Jag får veta hur det går för mig i skolarbetet, andel (%)  (-2016)
U15515	Elever i åk 8: Mina lärare förväntar sig att jag ska nå kunskapskraven i alla ämnen, andel (%)  (-2016)
U15520	Tillgänglighet grundskola -  sammanlagt resultat, andel (%) av maxpoäng
U17022	Kostnad i förhållande till andel som ej fått examen/studiebevis, kr/elev
U17027	Avvikelse från standardkostnad gymnasieskola, andel (%)
U17413	Förstagångsväljare som röstade i senaste kommunfullmäktigevalet, andel (%)
U17447	Gymnasieelever med examen inom 3 år, kommunala skolor, andel (%), modellberäknat värde
U17448	Gymnasieelever med examen inom 3 år, kommunala skolor, andel (%), avvikelse från modellberäknat värde
U17449	Gymnasieelever med examen inom 4 år, kommunala skolor, andel (%), avvikelse från modellberäknat värde
U17450	Gymnasieelever med examen inom 4 år, kommunala skolor, andel (%), modellberäknat värde
U20411	Avlidna som före döden fått informerande samtal om att han/hon är döende, andel (%)
U20413	Avlidna som smärtskattats, andel (%)
U20414	Avlidna som hade någon närvarande vid dödsögonblicket, andel (%)
U20464	Personer 65+ år med hemsjukvård samtidigt med insatser av hemtjänsten, andel (%)
U21420	Brukarbedömning hemtjänst äldreomsorg - bemötande, förtroende och trygghet, andel (%)
U21422	Brukarbedömning hemtjänst äldreomsorg - inflytande och tillräckligt med tid, andel (%)
U21424	Personer 75+ år med hemtjänst med tre eller fler psykofarmaka, andel (%)
U21425	Personer 75+ år med hemtjänst med tio eller fler läkemedel, andel (%)
U21426	Personer 75+ år med hemtjänst med olämpliga läkemedel, andel (%)
U21427	Personer 75+ år med hemtjänst med antipsykotiska läkemedel, andel (%)
U21429	Brukarbedömning hemtjänst äldreomsorg - hälsotillstånd och rörelseförmåga, andel (%)
U21431	Omsorgs- och serviceutbud hemtjänst äldreomsorg, andel (%) av maxpoäng
U21432	Åtgärder mot fall, undernäring, trycksår och nedsatt munhälsa för personer med hemsjukvård i ordinärt boende, andel (%)
U21901	Brukartid hemtjänst äldreomsorg, andel (%)
U23413	Brukarbedömning särskilt boende äldreomsorg - kontakt med personal, andel (%)
U23414	Brukarbedömning särskilt boende äldreomsorg - inflytande och tillräckligt med tid, andel (%)
U23415	Brukarbedömning särskilt boende äldreomsorg - mat och måltidsmiljö, andel (%)
U23416	Brukarbedömning särskilt boende äldreomsorg - boendemiljö, andel (%)
U23417	Brukarbedömning särskilt boende äldreomsorg - aktiviteter och känsla av ensamhet, andel (%)
U23418	Personer 65+ år i särskilt boende med risk för trycksår grad 1 med ordination av tryckutjämnande underlag, andel (%)
U23419	Personer 75+ år i särskilt boende med tre eller fler psykofarmaka, andel (%)
U23420	Personer 75+ år i särskilt boende med tio eller fler läkemedel, andel (%)
U23421	Personer 75+ år i särskilt boende med olämpliga läkemedel, andel (%)
U23422	Personer 75+ år i särskilt boende med antipsykotiska läkemedel, andel (%)
U23424	Brukarbedömning särskilt boende äldreomsorg - bemötande, förtroende och trygghet, andel (%)
U23432	Kvalitetsaspekter särskilt boende äldreomsorg, andel (%) av maxpoäng
U23433	Åtgärder mot fall, undernäring, trycksår och nedsatt munhälsa för personer i särskilt boende, andel (%)
U23434	Brukarbedömning särskilt boende äldreomsorg - hälsotillstånd och rörelseförmåga, andel (%)
U23555	Personer i riskzon för trycksår i särskilt boende för äldre som har tryckutjämnande underlag, andel (%)
U26413	Brukarbedömning boende särskild service SoL - inflytande, andel (%)
U26414	Brukarbedömning boende särskild service SoL - rätt stöd, andel (%)
U26415	Brukarbedömning boende särskild service SoL - personalens omtanke, andel (%)
U26416	Brukarbedömning boende särskild service SoL - personalen pratar så brukaren förstår, andel (%)
U26417	Brukarbedömning boende särskild service SoL - trygg med personal, andel (%)
U26418	Brukarbedömning boende särskild service SoL - aldrig rädd för något hemma, andel (%)
U26419	Brukarbedömning boende särskild service SoL - trivsel, andel (%)
U26420	Brukarbedömning boendestöd SoL - inflytande, andel (%)
U26421	Brukarbedömning boendestöd SoL - rätt stöd, andel (%)
U26422	Brukarbedömning boendestöd SoL - personalens omtanke, andel (%)
U26423	Brukarbedömning boendestöd SoL - personalen pratar så brukaren förstår, andel (%)
U26424	Brukarbedömning boendestöd SoL - trygg med personal, andel (%)
U26425	Brukarbedömning boendestöd SoL - aldrig rädd för något hemma, andel (%)
U26426	Brukarbedömning boendestöd SoL - trivsel, andel (%)
U26427	Brukarbedömning sysselsättning SoL - inflytande, andel (%)
U26428	Brukarbedömning sysselsättning SoL - rätt stöd, andel (%)
U26429	Brukarbedömning sysselsättning SoL - personalens omtanke, andel (%)
U26430	Brukarbedömning sysselsättning SoL - personalen pratar så brukaren förstår, andel (%)
U26431	Brukarbedömning sysselsättning SoL - trygg med personal, andel (%)
U26432	Brukarbedömning sysselsättning SoL - aldrig rädd för något på din sysselsättning, andel (%)
U26433	Brukarbedömning sysselsättning SoL - trivsel, andel (%)
U28423	Kvalitetsaspekter LSS grupp- och serviceboende , andel (%) av maxpoäng
U28518	Brukarbedömning gruppbostad LSS  - inflytande, andel (%)
U28519	Brukarbedömning gruppbostad LSS  - rätt stöd, andel (%)
U28520	Brukarbedömning gruppbostad LSS  - personalens omtanke, andel (%)
U28521	Brukarbedömning gruppbostad LSS  - personalen pratar så brukaren förstår, andel (%)
U28522	Brukarbedömning gruppbostad LSS  - trygg med personal, andel (%)
U28523	Brukarbedömning gruppbostad LSS  - aldrig rädd för något hemma, andel (%)
U28524	Brukarbedömning gruppbostad LSS  - trivsel, andel (%)
U28525	Brukarbedömning servicebostad LSS - inflytande, andel (%)
U28526	Brukarbedömning servicebostad LSS - rätt stöd, andel (%)
U28527	Brukarbedömning servicebostad LSS - personalens omtanke, andel (%)
U28528	Brukarbedömning servicebostad LSS - personalen pratar så brukaren förstår, andel (%)
U28529	Brukarbedömning servicebostad LSS - trygg med personal, andel (%)
U28530	Brukarbedömning servicebostad LSS - aldrig rädd för något hemma, andel (%)
U28531	Brukarbedömning servicebostad LSS - trivsel, andel (%)
U28532	Brukarbedömning  daglig verksamhet LSS  - inflytande, andel (%)
U28533	Brukarbedömning  daglig verksamhet LSS  - rätt stöd, andel (%)
U28534	Brukarbedömning  daglig verksamhet LSS  - personalens omtanke, andel (%)
U28535	Brukarbedömning  daglig verksamhet LSS  - personalen pratar så brukaren förstår, andel (%)
U28536	Brukarbedömning  daglig verksamhet LSS  - trygg med personal, andel (%)
U28537	Brukarbedömning  daglig verksamhet LSS  - aldrig rädd för något på daglig verksamhet, andel (%)
U28538	Brukarbedömning  daglig verksamhet LSS  - trivsel, andel (%)
U30447	Brukarbedömning individ- och familjeomsorg totalt  - få kontakt, andel (%)
U30448	Brukarbedömning individ- och familjeomsorg totalt  - tydlig information, andel (%)
U30449	Brukarbedömning individ- och familjeomsorg totalt  - visar förståelse, andel (%)
U30450	Brukarbedömning individ- och familjeomsorg totalt  - inflytande, andel (%)
U30451	Brukarbedömning individ- och familjeomsorg totalt  - påverka hjälp, andel (%)
U30452	Brukarbedömning individ- och familjeomsorg totalt  - helhetssyn, andel (%)
U30453	Brukarbedömning individ- och familjeomsorg totalt  - förbättrad situation, andel (%)
U31500	Brukarbedömning ekonomiskt bistånd IFO  - få kontakt, andel (%)
U31501	Brukarbedömning ekonomiskt bistånd IFO  - tydlig information, andel (%)
U31502	Brukarbedömning ekonomiskt bistånd IFO  - visar förståelse, andel (%)
U31503	Brukarbedömning ekonomiskt bistånd IFO  - inflytande, andel (%)
U31504	Brukarbedömning ekonomiskt bistånd IFO  - påverka hjälp, andel (%)
U31505	Brukarbedömning ekonomiskt bistånd IFO  - helhetssyn, andel (%)
U31506	Brukarbedömning ekonomiskt bistånd IFO  - förbättrad situation, andel (%)
U31801	Vuxna biståndsmottagare med mycket långvarigt ekonomiskt bistånd, andel (%)
U31803	Barn i befolkningen som ingår i familjer med ekonomiskt bistånd, andel (%)
U31804	Unga vuxna med ekonomiskt bistånd, andel (%)
U31805	Vuxna biståndsmottagare med försörjningshinder på grund av arbetslöshet, andel (%)
U31806	Vuxna biståndsmottagare med försörjningshinder på grund av sjukdom och ohälsa, andel (%)
U31807	Vuxna biståndsmottagare med försörjningshinder på grund av sociala skäl, andel (%)
U31809	Barn i befolkningen som ingår i familjer med långvarigt ekonomiskt bistånd, andel (%)
U33575	Brukarbedömning barn- och ungdomsvård IFO  - få kontakt, andel (%)
U33576	Brukarbedömning barn- och ungdomsvård IFO  - tydlig information, andel (%)
U33577	Brukarbedömning barn- och ungdomsvård IFO  - visar förståelse, andel (%)
U33578	Brukarbedömning barn- och ungdomsvård IFO  - inflytande, andel (%)
U33579	Brukarbedömning barn- och ungdomsvård IFO  - påverka hjälp, andel (%)
U33580	Brukarbedömning barn- och ungdomsvård IFO  - helhetssyn, andel (%)
U33581	Brukarbedömning barn- och ungdomsvård IFO  - förbättrad situation, andel (%)
U33582	Brukarbedömning barn- och ungdomsvård IFO ensamkommande  - få kontakt, andel (%)
U33583	Brukarbedömning barn- och ungdomsvård IFO ensamkommande  - tydlig information, andel (%)
U33584	Brukarbedömning barn- och ungdomsvård IFO ensamkommande  - visar förståelse, andel (%)
U33585	Brukarbedömning barn- och ungdomsvård IFO ensamkommande  - inflytande, andel (%)
U33586	Brukarbedömning barn- och ungdomsvård IFO ensamkommande  - påverka hjälp, andel (%)
U33587	Brukarbedömning barn- och ungdomsvård IFO ensamkommande  - helhetssyn, andel (%)
U33588	Brukarbedömning barn- och ungdomsvård IFO ensamkommande  - förbättrad situation, andel (%)
U33589	Brukarbedömning barn- och ungdomsvård IFO vårdnadshavare  - få kontakt, andel (%)
U33590	Brukarbedömning barn- och ungdomsvård IFO vårdnadshavare  - tydlig information, andel (%)
U33591	Brukarbedömning barn- och ungdomsvård IFO vårdnadshavare  - visar förståelse, andel (%)
U33592	Brukarbedömning barn- och ungdomsvård IFO vårdnadshavare  - inflytande, andel (%)
U33593	Brukarbedömning barn- och ungdomsvård IFO vårdnadshavare  - påverka hjälp, andel (%)
U33594	Brukarbedömning barn- och ungdomsvård IFO vårdnadshavare  - helhetssyn, andel (%)
U33595	Brukarbedömning barn- och ungdomsvård IFO vårdnadshavare  - förbättrad situation, andel (%)
U35538	Brukarbedömning missbruksvård IFO  - få kontakt, andel (%)
U35539	Brukarbedömning missbruksvård IFO  - tydlig information, andel (%)
U35540	Brukarbedömning missbruksvård IFO  - visar förståelse, andel (%)
U35541	Brukarbedömning missbruksvård IFO  - inflytande, andel (%)
U35542	Brukarbedömning missbruksvård IFO  - påverka hjälp, andel (%)
U35543	Brukarbedömning missbruksvård IFO  - helhetssyn, andel (%)
U35544	Brukarbedömning missbruksvård IFO  - förbättrad situation, andel (%)
U40406	Resultat vid avslut i kommunens arbetsmarknadsverksamhet, deltagare som A. Börjat arbeta, andel (%)
U40409	Resultat vid avslut i kommunens arbetsmarknadsverksamhet, deltagare som B. Börjat studera, andel (%)
U40412	Resultat vid avslut i kommunens arbetsmarknadsverksamhet, deltagare som C. Överförts till annan myndighet, andel (%)
U40415	Resultat vid avslut i kommunens arbetsmarknadsverksamhet, deltagare som D. Slutförda uppdrag, andel (%)
U40418	Resultat vid avslut i kommunens arbetsmarknadsverksamhet, deltagare som E. Övrigt, andel (%)
U40445	Tillgänglighet arbetsmarknad -  sammanlagt resultat, andel (%) av maxpoäng
